2,0.18429,0.11258,0.054815,0.19568,0.24901,0.14547,0.24759,0.14529,0.31221,0.2802,0.33263,0.34735,0.17245,0.33258,0.068307,0.51175,1,0.36915,0.96016,0.56988,0.58576,0.39063,0.4973
2,0.19832,0.094921,0.27833,0.25413,0.28854,0.19123,0.32369,0.19104,0.47289,0.44454,0.51599,0.53569,0.27942,0.51605,0.059331,0.43258,1,0.47083,0.97701,0.70327,0.74134,0.47315,0.67131
2,0.16502,0.059117,0.26532,0.28018,0.32806,0.22929,0.36924,0.22941,0.39063,0.32621,0.44337,0.44613,0.21985,0.44332,0.039596,0.49622,1,0.40443,1,0.63674,0.68637,0.40883,0.59667
2,0.16502,0.072916,0.26422,0.26334,0.32806,0.20906,0.32476,0.20886,0.41428,0.35497,0.47554,0.46608,0.23379,0.47548,0.040997,0.49594,1,0.41626,0.9759,0.69562,0.7381,0.43699,0.67196
2,0.16112,0.080897,0.26014,0.35451,0.40711,0.28276,0.4373,0.28287,0.49945,0.41002,0.58455,0.57734,0.28685,0.58454,0.054174,0.4555,1,0.37517,0.99279,0.76247,0.5138,0.40433,0.75762
2,0.18755,0.059219,0.27816,0.25413,0.28854,0.19027,0.35263,0.19008,0.34207,0.30485,0.36075,0.40109,0.19328,0.36083,0.036827,0.52577,1,0.37097,0.99912,0.67295,0.65922,0.34001,0.64876
2,0.18592,0.07163,0.28409,0.052414,0.090909,0.041908,0.05895,0.042061,0.059704,0.045193,0.062404,0.049796,0.048396,0.06246,0.017252,0.66833,1,0.79208,0.75626,0.42139,0.56595,0.19196,0.34633
1,0.11059,0.023863,0.22363,0.038755,0.090909,0.036609,0.048232,0.036442,0.055961,0.040263,0.072034,0.051018,0.041121,0.072089,0.0088805,0.74986,1,0.88863,0.75288,0.32497,0.39946,0.28533,0.24692
2,0.043062,0.061076,0.15129,0.12166,0.20949,0.10838,0.12862,0.10852,0.10398,0.087099,0.11903,0.095929,0.076422,0.11901,0.031989,0.5434,1,0.8376,0.79403,0.4459,0.72374,0.40002,0.38736
2,0.039138,0.036642,0.14825,0.11563,0.20949,0.096339,0.12862,0.096163,0.17199,0.13969,0.18991,0.15672,0.13209,0.19001,0.030461,0.54544,1,0.67775,0.89311,0.53392,0.71975,0.44909,0.46977
2,0,0.020597,0.10706,0.10705,0.20949,0.089595,0.12755,0.089742,0.10854,0.09203,0.12018,0.10475,0.089823,0.12023,0.035045,0.5152,1,0.82731,0.80427,0.49091,0.86608,0.43774,0.425
2,0.020789,0.028007,0.11984,0.11817,0.20949,0.1026,0.13076,0.10275,0.16414,0.13476,0.18663,0.14532,0.11448,0.18667,0.034249,0.52723,1,0.76256,0.86945,0.54327,0.80433,0.54237,0.47924
1,0.28291,0.11782,0.37885,0.039708,0.051383,0.024085,0.03269,0.024241,0.027844,0.022186,0.038713,0.019946,0.032238,0.038773,0.016424,0.70154,1,0.47606,0.28911,0.25636,0.32988,0.27492,0.19463
1,0.29595,0.15716,0.06379,0.070521,0.090909,0.046724,0.062165,0.046878,0.062808,0.056697,0.052581,0.049118,0.082548,0.052638,0.031066,0.66845,1,0.40506,0.36473,0.41671,0.5599,0.48761,0.32175
1,0.37559,0.12485,0.059645,0.040025,0.051383,0.02553,0.030547,0.025686,0.079788,0.059984,0.1173,0.054545,0.040355,0.11728,0.017315,0.6698,1,0.50917,0.31772,0.33627,0.44432,0.31242,0.26005
1,0.31341,0.23538,0.10181,0.06385,0.090909,0.042871,0.059486,0.042864,0.050119,0.033689,0.061055,0.043148,0.049008,0.061112,0.024636,0.68008,1,0.7218,0.33449,0.47458,0.45905,0.34797,0.39362
1,0.32517,0.50443,0.099531,0.11944,0.13043,0.068882,0.10718,0.068711,0.099781,0.087921,0.098998,0.085482,0.10376,0.099114,0.057103,0.56458,1,0.72521,0.28051,0.45652,0.52561,0.37422,0.35959
2,0.46832,0.26543,0.058304,0.17471,0.13043,0.10405,0.15809,0.10419,0.21663,0.21611,0.18991,0.17951,0.2076,0.18988,0.090843,0.48504,1,0.87389,0.12406,0.91012,0.96362,0.70475,0.79997
2,0.37675,0.1504,0.018118,0.18234,0.16996,0.14258,0.18221,0.14256,0.41656,0.37551,0.38829,0.40733,0.38655,0.3883,0.098514,0.35922,1,0.95373,0.57842,0.72607,0.7915,0.7499,0.68946
2,0.39631,0.1781,0.44529,0.1906,0.16996,0.14644,0.16452,0.14641,0.27762,0.21611,0.24384,0.24478,0.27498,0.24393,0.10504,0.35406,1,0.91693,0.4454,0.61662,0.75167,0.63766,0.57488
2,0.38141,0.12981,0.0017617,0.21347,0.16996,0.17341,0.19185,0.17354,0.26073,0.19967,0.23344,0.246,0.25546,0.23341,0.12114,0.36963,1,0.9416,0.51715,0.69962,0.57694,0.58561,0.66452
2,0.38158,0.14434,0.072841,0.099111,0.090909,0.078998,0.093783,0.078985,0.29058,0.23418,0.30162,0.27422,0.29145,0.30158,0.056785,0.44916,1,0.86903,0.49667,0.50226,0.5208,0.50456,0.44577
2,0.46337,0.1859,0.078253,0.087039,0.090909,0.073218,0.083065,0.073367,0.31012,0.23993,0.34149,0.2673,0.27008,0.34157,0.038673,0.57006,1,0.84579,0.4205,0.65702,0.57653,0.6644,0.49945
2,0.49824,0.18492,0.1192,0.09784,0.090909,0.073699,0.08896,0.073688,0.2956,0.22925,0.33359,0.2578,0.23379,0.33368,0.056498,0.48691,1,0.65493,0.44863,0.49109,0.45925,0.50011,0.43291
1,0.43852,0.20146,0.065074,0.18234,0.16996,0.15029,0.1597,0.15026,0.06436,0.064914,0.054507,0.051289,0.059576,0.054564,0.054525,0.62546,1,0.32986,0.63025,0.43529,0.48313,0.56448,0.35503
2,0.093534,0.21199,0.07192,0.14771,0.20949,0.11946,0.15166,0.11944,0.2568,0.24322,0.24596,0.22727,0.2344,0.24605,0.089824,0.55373,1,0.62107,0.65205,0.43269,0.51906,0.63308,0.36239
1,0.48148,0.21671,0.057716,0.091169,0.090909,0.087669,0.076099,0.087655,0.092386,0.082991,0.08359,0.081275,0.088292,0.083579,0.032785,0.70987,1,0.37811,0.5842,0.32208,0.49527,0.51888,0.21304
1,0.34066,0.2175,0.093619,0.10419,0.090909,0.087669,0.098071,0.087494,0.088096,0.092851,0.082435,0.077883,0.084769,0.082552,0.040201,0.6778,1,0.23846,0.60703,0.30615,0.42733,0.39633,0.24535
1,0.3902,0.25563,0.083935,0.045108,0.051383,0.043834,0.045016,0.043667,0.069746,0.062449,0.060478,0.059973,0.072134,0.060534,0.01948,0.71239,1,0.49911,0.40628,0.15261,0.61573,0.36407,0.13249
1,0.43217,0.19637,0.069974,0.1061,0.090909,0.10212,0.086281,0.10226,0.07641,0.0682,0.0651,0.066079,0.082702,0.06522,0.035172,0.70052,1,0.39951,0.59567,0.24034,0.45833,0.23787,0.18785
1,0.63307,0.21383,0.72878,0.038437,0.011858,0.047206,0.040729,0.047199,0.013146,0.0098603,0.020801,0.014925,0.0063558,0.020863,0.0087214,0.7451,0,0.38653,0.66567,0.1115,0.38557,0.14262,0.084978
1,0.64559,0.21916,0.72895,0.023189,0.011858,0.031792,0.024652,0.031787,0.0055687,0.0032868,0.0094376,0.0096336,0.0032927,0.0095648,0.0032466,0.91437,0,0.41036,0.66842,0.051058,0.37605,0.30242,0.049628
1,0.64064,0.23077,0.73476,0.013977,0.011858,0.021676,0.023044,0.021673,0.028209,0.021364,0.035632,0.0346,0.017766,0.035627,0.0017188,0.90766,0,0.48854,0.65503,0.16219,0.38023,0.039593,0.10724
1,0.66328,0.22342,0.75768,0.0038119,0.0079051,0.012042,0.0080386,0.01188,0,0,0.0026965,0.0048847,0,0.0027603,0.00022281,0.98525,0,0.26126,0.6687,0.048689,0.3878,0.053961,0.024029
1,0.66858,0.22328,0.75238,0.0031766,0.0079051,0.012524,0.0075027,0.012683,0.00036516,0,0.0025039,0.0054274,0.00053603,0.0025035,0,1,0,0.19483,0.66778,0,0.35399,0,0
1,0.65857,0.22132,0.74979,0.0095299,0.011858,0.017823,0.012326,0.017659,0.02191,0.018077,0.025231,0.02578,0.018225,0.025292,0.0022281,0.94656,0,0.20458,0.67113,0.033864,0.36898,0.45545,0.027072
1,0.5213,0.18529,0.59031,0.077192,0.051383,0.07948,0.07985,0.079628,0.10699,0.085456,0.13463,0.10543,0.068382,0.13474,0.016583,0.60046,1,0.24168,0.81491,0.3282,0.47672,0.46879,0.25121
1,0.51134,0.17035,0.56469,0.06385,0.051383,0.065992,0.067524,0.066142,0.081888,0.0682,0.093028,0.080054,0.059116,0.09308,0.0087532,0.67097,1,0.198,0.83403,0.35411,0.42794,0.49522,0.26651
1,0.5348,0.20229,0.63321,0.036849,0.051383,0.040944,0.039657,0.040938,0.044733,0.037798,0.052196,0.042741,0.036067,0.052189,0.0052838,0.7436,1,0.34372,0.76463,0.27353,0.46377,0.3764,0.20171
1,0.57864,0.20448,0.6191,0.047014,0.051383,0.04817,0.048232,0.048162,0.064725,0.054232,0.072034,0.058752,0.049544,0.072153,0.006366,0.7262,1,0.32717,0.7332,0.35408,0.58669,0.42671,0.24056
1,0.5695,0.19509,0.64541,0.041296,0.051383,0.046724,0.04448,0.046878,0.049388,0.041085,0.061441,0.050339,0.03936,0.061433,0.0052838,0.74701,1,0.16312,0.76228,0.23822,0.43858,0.42297,0.17814
1,0.55727,0.19268,0.58438,0.02859,0.011858,0.031792,0.029475,0.031947,0.046467,0.03862,0.055277,0.044912,0.039436,0.055334,0.0061113,0.73202,1,0.11636,0.7367,0.1665,0.12863,0.41737,0.14744
1,0.8668,0.29636,0.91974,0.041296,0.011858,0.048651,0.048232,0.048643,0.07285,0.064914,0.11171,0.061601,0.031702,0.1117,0.021485,0.58096,0,0.11314,0.31827,0.11831,0.20795,0.44197,0.10458
1,0.89108,0.29942,0.96148,0.035896,0.011858,0.042871,0.043408,0.042703,0.07358,0.056697,0.10612,0.063501,0.040738,0.10611,0.019416,0.59758,0,0.46929,0.23899,0.21181,0.34217,0.37075,0.1509
1,0.90296,0.30367,0.96125,0.013342,0.0079051,0.01975,0.024116,0.019746,0.04245,0.033689,0.062018,0.044505,0.024045,0.062011,0.012382,0.68792,0,0.42403,0.24302,0.164,0.1921,0.40367,0.0972
1,0.89952,0.31208,0.93517,0.018107,0.0079051,0.023603,0.025188,0.023439,0.049297,0.040263,0.075501,0.041927,0.02259,0.075619,0.013082,0.67427,0,0.40765,0.25756,0.17523,0.21567,0.41928,0.12048
1,0.91501,0.32649,0.95786,0.021283,0.011858,0.02842,0.030011,0.028255,0.059704,0.046015,0.086864,0.055224,0.032927,0.086982,0.013082,0.65679,0,0.49214,0.22856,0.14625,0.27321,0.43098,0.10935
1,0.95547,0.32526,0.67541,0.0054003,0,0.011561,0.011254,0.011559,0.018076,0.01479,0.030624,0.02171,0.010797,0.03062,0.011682,0.74632,0,0.82552,0.2427,0.11671,0.43807,0.26927,0.086695
1,0.1971,0.054013,0.28956,0.11309,0.13043,0.048651,0.059486,0.048643,0.060161,0.047658,0.077042,0.027951,0.054675,0.07716,0.024636,0.59827,0,0.75372,0.63495,0.27583,0.58556,0.29209,0.18502
1,0.20158,0.056953,0.28328,0.082592,0.090909,0.026975,0.033762,0.027131,0.066368,0.056697,0.091487,0.031479,0.052148,0.091475,0.012636,0.67179,0,0.65827,0.71627,0.26811,0.58237,0.28075,0.17466
1,0.2102,0.0672,0.29952,0.083545,0.090909,0.035164,0.040193,0.034998,0.11229,0.09203,0.15139,0.061601,0.073972,0.1515,0.013178,0.67845,0,0.69196,0.80335,0.23766,0.5588,0.18546,0.12224
1,0.22126,0.065485,0.27228,0.088945,0.13043,0.030347,0.041265,0.030342,0.098503,0.082169,0.13251,0.052782,0.068535,0.13256,0.013018,0.67419,0,0.58549,0.74133,0.23066,0.6431,0.44869,0.12727
1,0.23092,0.073283,0.32588,0.085133,0.090909,0.033237,0.039657,0.033232,0.1226,0.10271,0.16718,0.068114,0.073359,0.16722,0.013241,0.66045,0,0.47412,0.76459,0.16138,0.4821,0.24423,0.15486
1,0.23872,0.076998,0.30585,0.10229,0.13043,0.046724,0.048767,0.046717,0.14095,0.1175,0.18124,0.08806,0.094035,0.18128,0.013337,0.6904,0,0.38222,0.84232,0.20398,0.5934,0.35607,0.21322
2,0.11921,0.066363,0.21529,0.18837,0.24901,0.13536,0.21115,0.13517,0.16113,0.13969,0.198,0.14098,0.10322,0.1981,0.030907,0.51154,1,0.65201,0.97506,0.59942,0.44862,0.25072,0.56368
2,0.12532,0.04942,0.22433,0.22427,0.28854,0.15896,0.23955,0.15877,0.20586,0.18242,0.25693,0.19294,0.13286,0.25703,0.03549,0.50093,1,0.7047,0.94642,0.65657,0.48503,0.26305,0.62194
2,0.12858,0.059035,0.21817,0.19568,0.24901,0.1368,0.22615,0.13678,0.25205,0.2046,0.30374,0.23501,0.15951,0.30383,0.028774,0.52755,1,0.66548,0.98434,0.63759,0.52233,0.22225,0.60166
2,0.16846,0.056687,0.25864,0.18551,0.20949,0.11127,0.20204,0.11141,0.12224,0.11175,0.14137,0.12062,0.094111,0.14148,0.019607,0.58425,1,0.63923,0.97,0.60689,0.63876,0.26616,0.55904
2,0.16619,0.060729,0.24568,0.19695,0.24901,0.12813,0.2149,0.12827,0.15437,0.1479,0.18086,0.14315,0.10858,0.18096,0.022949,0.57555,1,0.66144,0.95275,0.63066,0.5771,0.17959,0.58335
2,0.15437,0.34531,0.22571,0.22205,0.28854,0.14692,0.22937,0.14705,0.20732,0.21775,0.26002,0.1905,0.13784,0.25998,0.034313,0.53723,1,0.67992,0.96857,0.60673,0.48498,0.18168,0.56304
1,0.70328,0.27627,0.25277,0.036213,0.011858,0.038054,0.032154,0.038208,0.082801,0.069844,0.10015,0.093351,0.05077,0.10021,0.025655,0.69548,0,0.19884,0.41668,0.16715,0.13669,0.46154,0.11801
1,0.78612,0.27933,0.19107,0.030496,0.011858,0.041426,0.031618,0.041259,0.086909,0.065735,0.10747,0.098507,0.047553,0.10752,0.0075119,0.71921,0,0.44661,0.44612,0.12135,0.18031,0.39962,0.11187
1,0.77954,0.26374,0.80615,0.031131,0.011858,0.040462,0.027867,0.040616,0.062899,0.049302,0.079353,0.072999,0.036833,0.079471,0.0087532,0.70775,0,0.25269,0.47855,0.18056,0.20172,0.38053,0.12154
1,0.8179,0.27041,0.91053,0.040661,0.011858,0.051541,0.033762,0.051694,0.062991,0.049302,0.082242,0.068521,0.035225,0.08236,0.0091034,0.71214,0,0,0.43433,0.13007,0.027948,0.47818,0.10147
1,0.82122,0.30634,0.89631,0.011753,0.0079051,0.022158,0.011254,0.022154,0.045919,0.036154,0.060478,0.05251,0.022743,0.060598,0.00748,0.73047,0,0.047319,0.39584,0.084741,0.11384,0.25789,0.060149
1,0.81872,0.28046,0.27476,0.022236,0.011858,0.032755,0.025723,0.03275,0.072211,0.056697,0.093798,0.080054,0.039436,0.093914,0.0113,0.65456,0,0.114,0.42839,0.11766,0,0.30931,0.097357
2,0.30276,0.11762,0.008895,0.20616,0.20949,0.17437,0.1865,0.17419,0.20486,0.18735,0.26483,0.16825,0.13087,0.26486,0.067416,0.45188,1,0.47499,0.58416,0.46205,0.49655,0.4167,0.37616
2,0.28314,0.13158,0.0030398,0.23983,0.24901,0.21146,0.19882,0.21127,0.19691,0.18324,0.22785,0.16133,0.14427,0.22789,0.082567,0.46891,1,0.56363,0.61667,0.47738,0.44885,0.38627,0.37634
2,0.32133,0.12262,0.0019172,0.29638,0.28854,0.2789,0.20096,0.27886,0.40442,0.32293,0.51945,0.25129,0.20469,0.51939,0.15332,0.4835,1,0.59888,0.62611,0.37883,0.32762,0.30927,0.29211
2,0.34788,0.12385,0.010749,0.18869,0.16996,0.1922,0.14041,0.19201,0.40844,0.33854,0.55894,0.26106,0.22329,0.55887,0.07531,0.53958,1,0.53862,0.60966,0.30806,0.25818,0.31754,0.20177
2,0.31667,0.12301,0,0.21061,0.20949,0.19316,0.17524,0.19313,0.23106,0.23007,0.27215,0.18128,0.17076,0.27224,0.080657,0.48049,1,0.54312,0.62193,0.40573,0.34343,0.38018,0.28227
2,0.27959,0.15198,0.0015775,0.25508,0.24901,0.22447,0.20686,0.22427,0.36735,0.32703,0.44183,0.25726,0.23103,0.44184,0.10491,0.41165,1,0.66902,0.63324,0.49846,0.49205,0.54228,0.41099
1,0.18482,0.076672,0.2633,0.075286,0.090909,0.05395,0.068596,0.053941,0.068651,0.055053,0.099961,0.048168,0.047936,0.099949,0.012,0.70312,1,0.55854,0.75168,0.39291,0.72666,0.34775,0.2975
1,0.13784,0.99283,0.23918,0.11595,0.16996,0.096339,0.12701,0.096484,0.13639,0.11586,0.17681,0.10923,0.094724,0.17692,0.017761,0.63956,1,0.58929,0.85754,0.46572,0.67617,0.22483,0.37471
2,0.13073,0.052972,0.24091,0.10356,0.13043,0.092486,0.10236,0.092471,0.13584,0.10764,0.18817,0.10244,0.085152,0.18815,0.013178,0.69077,1,0.42106,0.96263,0.47941,0.44029,0.357,0.41416
2,0.13027,0.041765,0.22761,0.11055,0.16996,0.10067,0.10557,0.10066,0.11512,0.099425,0.15967,0.08806,0.076269,0.15965,0.012955,0.68097,1,0.48285,0.92801,0.44972,0.69515,0.1952,0.38125
2,0.1429,0.095289,0.23895,0.10546,0.13043,0.097303,0.10557,0.097287,0.27798,0.21775,0.37712,0.22537,0.152,0.37707,0.026737,0.60672,1,0.54359,0.85933,0.39577,0.7539,0.26006,0.30939
1,0.12945,0.04744,0.23803,0.093393,0.13043,0.076108,0.10075,0.075935,0.11366,0.09203,0.15967,0.085346,0.07022,0.15971,0.0113,0.70629,1,0.40345,0.96434,0.46538,0.54995,0.15775,0.38979
2,0.041053,0,0.14271,0.13977,0.20949,0.12669,0.12862,0.12683,0.20522,0.14626,0.25963,0.17856,0.13294,0.2596,0.031734,0.54596,1,0.9062,0.81802,0.51524,0.54752,0.26447,0.44629
2,0.072402,0.02766,0.11554,0.27637,0.36759,0.26686,0.25938,0.26666,0.19783,0.22679,0.25385,0.16459,0.10874,0.25395,0.068593,0.43725,1,0.78823,0.85989,0.55164,0.58401,0.43378,0.48342
2,0.045251,0.013289,0.10958,0.16709,0.24901,0.15462,0.1731,0.15476,0.28026,0.22925,0.34881,0.25522,0.16517,0.34889,0.055957,0.43136,1,0.67252,0.7816,0.63705,0.33503,0.54393,0.58704
2,0.042334,0.01137,0.12708,0.16963,0.24901,0.17341,0.14952,0.17322,0.20102,0.17338,0.25751,0.17246,0.11264,0.25761,0.056021,0.45591,1,0.74551,0.81459,0.5122,0.45965,0.36002,0.44755
2,0.073508,0.016065,0.17359,0.13914,0.20949,0.13632,0.13719,0.1363,0.13447,0.10764,0.17643,0.11547,0.079026,0.17653,0.037305,0.49155,1,0.69541,0.85104,0.53204,0.31668,0.44708,0.45592
2,0.060957,0.00032661,0.12855,0.083863,0.13043,0.086224,0.08896,0.08637,0.11585,0.096138,0.15832,0.10488,0.063787,0.15836,0.026005,0.56096,1,0.74682,0.78937,0.35068,0.16192,0.2804,0.2749
2,0.51536,0.21109,0.056813,0.18393,0.13043,0.16859,0.17578,0.16857,0.35065,0.28759,0.42835,0.3327,0.21372,0.42836,0.17204,0.22157,1,0.6998,0.61874,0.48384,0.75818,0.74558,0.40921
2,0.53934,0.20001,0.51829,0.075604,0.051383,0.073218,0.081458,0.073045,0.26456,0.20214,0.31818,0.26092,0.16525,0.31821,0.086482,0.31435,1,0.76298,0.61141,0.41712,0.69702,0.74514,0.32285
2,0.52328,0.20474,0.4351,0.048602,0.051383,0.045761,0.054662,0.045593,0.25607,0.19885,0.31163,0.25034,0.15813,0.31166,0.098227,0.30411,1,0.79831,0.54946,0.28894,0.7417,0.54762,0.20726
2,0.51198,0.25563,0.34621,0.11182,0.090909,0.10549,0.1179,0.10563,0.5073,0.40674,0.61941,0.48697,0.30355,0.61933,0.15148,0.22275,1,0.80802,0.66356,0.44294,0.66021,0.76218,0.36541
2,0.49813,0.22291,0.052972,0.088945,0.090909,0.081407,0.086817,0.081233,0.52702,0.46426,0.64195,0.49986,0.31266,0.64187,0.13206,0.25595,1,0.79985,0.67591,0.39445,0.66075,0.70457,0.30965
2,0.53195,0.25267,0.45715,0.17186,0.13043,0.15559,0.17524,0.1554,0.30665,0.29334,0.35478,0.29824,0.20951,0.35486,0.22784,0.13919,1,0.7802,0.68224,0.64827,0.83125,1,0.59555
2,0.45563,0.21201,0.072288,0.18234,0.13043,0.15366,0.19346,0.15364,0.51908,0.45111,0.61537,0.50366,0.33655,0.61529,0.27565,0.13424,1,0.92594,0.63296,0.62484,0.86209,0.8427,0.53313
2,0.3704,0.12491,0.47068,0.079733,0.090909,0.075145,0.072347,0.075132,0.63949,0.5645,0.76387,0.59593,0.38066,0.76377,0.050705,0.45611,1,0.57042,0.55807,0.28087,0.45223,0.40998,0.18553
2,0.34892,0.12828,0.4423,0.09244,0.090909,0.087669,0.087889,0.087655,0.29542,0.24486,0.37134,0.26472,0.17857,0.37142,0.058853,0.42018,1,0.46169,0.6383,0.36393,0.18362,0.40972,0.294
2,0.37139,0.12109,0.064021,0.06798,0.090909,0.059249,0.071811,0.0594,0.45381,0.45357,0.55586,0.43745,0.28172,0.55591,0.036477,0.50914,1,0.4454,0.49205,0.32768,0.3765,0.29218,0.24081
2,0.40452,0.14457,0.01684,0.060356,0.051383,0.061657,0.055734,0.061487,0.25215,0.18242,0.30951,0.23758,0.1566,0.30947,0.024986,0.55994,1,0.57355,0.54934,0.30982,0.40923,0.32057,0.24081
1,0.40236,0.12477,0.48432,0.06385,0.051383,0.064066,0.05627,0.063895,0.21161,0.1627,0.26156,0.18168,0.14182,0.26159,0.030334,0.53857,1,0.44498,0.52341,0.31059,0.39228,0.40972,0.24932
1,0.41209,0.13628,0.45675,0.055273,0.051383,0.052987,0.049303,0.053139,0.22156,0.18242,0.26021,0.19729,0.16004,0.26017,0.02505,0.57799,1,0.2561,0.47468,0.2798,0.42402,0.46706,0.22196
2,0.21369,0.085327,0.29197,0.35324,0.36759,0.32514,0.28457,0.32493,0.26766,0.21118,0.32357,0.21764,0.18141,0.32366,0.25738,0.2803,1,0.87032,0.55858,0.71325,0.58315,0.55541,0.61322
2,0.21806,0.078407,0.17692,0.38437,0.40711,0.36513,0.30171,0.36507,0.34097,0.27691,0.40196,0.27951,0.2442,0.40191,0.32651,0.28416,1,0.73368,0.46456,0.50729,0.44095,0.453,0.44703
2,0.22225,0.080857,0.19744,0.56163,0.56522,0.52553,0.48124,0.52528,0.52766,0.47165,0.60786,0.46038,0.38778,0.60784,0.53089,0.16232,1,0.89127,0.40106,0.76021,0.53259,0.53886,0.69163
2,0.21718,0.079448,0.29289,1,1,1,0.76635,1,0.75078,0.66228,0.94434,0.57273,0.4194,0.94428,1,0.017313,1,0.96768,0.32895,0.77102,0.57226,0.69745,0.67606
2,0.23354,0.098596,0.058471,0.43933,0.44664,0.40318,0.43783,0.40328,0.47617,0.41002,0.53313,0.4209,0.34114,0.53312,0.37489,0.269,1,0.89421,0.27509,0.68022,0.6841,0.5405,0.6469
2,0.29624,0.98885,0.0039207,0.90311,0.8419,0.86031,0.82315,0.86033,0.77278,0.69433,0.98151,0.60176,0.40616,0.98151,0.82328,0.083232,1,0.79283,0.26748,0.84894,0.59513,0.5639,0.82893
1,0.36051,0.10709,0.056841,0.025413,0.051383,0.017823,0.02358,0.01782,0.016158,0.018077,0.012904,0.012076,0.022207,0.013031,0.013687,0.74445,1,0.094078,0.58994,0.19646,0.18683,0.25837,0.14374
1,0.38228,0.11864,0.36354,0.0047649,0.011858,0.0038536,0.0042872,0.0040135,0.0069381,0.0073952,0.0026965,0.0016282,0.011639,0.0026961,0.0056657,0.81151,1,0.01652,0.46691,0.15429,0.3118,0.28569,0.10077
1,0.35719,0.11885,0.39226,0.028272,0.051383,0.023121,0.022508,0.023278,0.035786,0.033689,0.039484,0.03365,0.026036,0.039479,0.016329,0.77136,1,0.25414,0.58042,0.17494,0.45925,0.25406,0.14154
1,0.38857,0.12572,0.45295,0,0.011858,0,0,0,0.010042,0.0098603,0.012904,0.0084125,0.016004,0.013031,0.0053474,0.86585,1,0.18106,0.41293,0.17787,0.40133,0.31434,0.12895
1,0.36994,0.11352,0.39307,0.02859,0.051383,0.02264,0.016077,0.022797,0.04528,0.042728,0.034284,0.029579,0.041963,0.034279,0.018907,0.74746,1,0.31964,0.50185,0.24679,0.5468,0.47858,0.12586
1,0.37058,0.11266,0.38795,0.001906,0.011858,0.0033719,0.0021436,0.0033713,0.0063904,0.0065735,0,0.00081411,0.020982,0,0.0055066,0.87324,1,0.12786,0.40552,0.22162,0.34761,0.38863,0.1462
2,0.60949,0.21791,0.085328,0.18996,0.13043,0.18401,0.15916,0.18414,0.1908,0.15612,0.25347,0.16893,0.10453,0.25343,0.028074,0.54836,1,0.56228,0.66236,0.38328,0.61323,0.52734,0.2923
1,0.6542,0.24869,0.13938,0.1439,0.090909,0.14595,0.1313,0.14577,0.1216,0.10025,0.14195,0.11791,0.08676,0.142,0.020339,0.6014,1,0.41885,0.61185,0.48937,0.56319,0.50167,0.38933
1,0.69967,0.24122,0.76885,0.14009,0.090909,0.14451,0.13237,0.14465,0.073672,0.057518,0.095724,0.066214,0.045026,0.095712,0.02435,0.56759,1,0.19023,0.55054,0.27004,0.40094,0.48,0.19023
1,0.6772,0.24322,0.71473,0.21379,0.13043,0.20906,0.21061,0.20902,0.13,0.10271,0.15832,0.12388,0.080251,0.15836,0.039819,0.5228,1,0.56538,0.58882,0.55843,0.46323,0.42413,0.4631
1,0.7091,0.26651,0.68963,0.11626,0.090909,0.12187,0.10075,0.12201,0.066277,0.052588,0.078197,0.060651,0.044567,0.078251,0.017666,0.61895,1,0.43056,0.5895,0.36196,0.5493,0.47418,0.27602
1,0.68692,0.25353,0.15282,0.10388,0.051383,0.11272,0.082529,0.11254,0.10508,0.10189,0.12558,0.096879,0.067769,0.12556,0.031289,0.54552,1,0.17486,0.56109,0.22334,0.39491,0.67387,0.14701
1,0.36988,0.79762,0.020778,0.21855,0.20949,0.16185,0.15702,0.16166,0.081158,0.12325,0.065678,0.03555,0.04227,0.065798,0.19053,0.61985,1,0.35263,0.35214,0.59515,0.57467,0.56902,0.47609
1,0.40685,0.69488,0.037261,0.09784,0.090909,0.070328,0.061629,0.070316,0.046011,0.051767,0.029083,0.024016,0.045409,0.029144,0.047395,0.72807,1,0.45319,0.31688,0.34601,0.60107,0.54162,0.26007
1,0.47985,0.71058,0.078045,0.12294,0.090909,0.084778,0.090568,0.084604,0.070385,0.073952,0.058166,0.05441,0.071445,0.058159,0.055289,0.70101,1,0.53705,0.40532,0.60879,0.82355,0.69069,0.49343
1,0.52368,0.69542,0.095496,0.093393,0.090909,0.042871,0.054662,0.043025,0.02967,0.036154,0.031202,0.023609,0.033081,0.031262,0.025177,0.67378,1,0.49897,0.32254,0.55178,0.87072,0.61991,0.42961
1,0.74973,0.26809,0.16409,0.074968,0.051383,0.02842,0.019293,0.028415,0.031495,0.032046,0.043143,0.0082768,0.027261,0.043266,0.019607,0.65594,1,0.48054,0.033584,0.44256,0.86225,0.66845,0.36477
1,0.23639,0.7707,0.13112,0.13119,0.16996,0.083333,0.11897,0.08332,0.096221,0.11175,0.075886,0.07422,0.077724,0.076005,0.072731,0.66252,1,0.53943,0.43763,0.32162,0.61604,0.56181,0.22345
1,0.51513,0.23095,0.10642,0.092757,0.090909,0.067919,0.069132,0.068069,0.019628,0.026294,0.015216,0.0081411,0.029482,0.015342,0.034886,0.76099,1,0.33487,0.32628,0.58832,0.61985,0.54825,0.39407
2,0.29024,0.20693,0.10285,0.17027,0.16996,0.16281,0.16399,0.16279,0.3218,0.29252,0.41063,0.27096,0.19152,0.41064,0.060572,0.40088,1,0.6567,0.66611,0.46035,0.34667,0.29677,0.38388
2,0.5454,0.19397,0.078938,0.2141,0.16996,0.21098,0.19132,0.21079,0.14141,0.11997,0.17662,0.13704,0.09281,0.1766,0.055639,0.42034,1,0.77789,0.63193,0.4556,0.3066,0.33409,0.3542
2,0.39532,0.18976,0.082582,0.16709,0.13043,0.16137,0.16238,0.16134,0.1268,0.11422,0.16063,0.11533,0.076652,0.16068,0.062227,0.43709,1,0.84486,0.61408,0.36536,0.3086,0.22528,0.28468
2,0.33088,0.19588,0.087286,0.17948,0.16996,0.16667,0.17685,0.16664,0.12854,0.12161,0.15023,0.12551,0.093805,0.15034,0.05758,0.42331,1,0.88887,0.64248,0.42862,0.27391,0.15245,0.36903
2,0.29001,0.19411,0.090032,0.11944,0.13043,0.10886,0.12594,0.10901,0.1677,0.13229,0.19819,0.16757,0.11793,0.19816,0.055034,0.39572,1,0.85548,0.65324,0.43837,0.1821,0.17705,0.35112
2,0.45732,0.19764,0.080809,0.1493,0.13043,0.14451,0.1388,0.14449,0.17373,0.14133,0.21032,0.1749,0.12114,0.21036,0.055098,0.40189,1,0.76672,0.6481,0.38686,0.24634,0.25482,0.31479
1,0.1787,0.051809,0.25185,0.086404,0.13043,0.070328,0.053591,0.070156,0.007212,0.010682,0.015986,0,0.0070449,0.016048,0.052806,0.74783,1,0.46892,0.50002,0.19436,0.33017,0.40269,0.1415
1,0.18482,0.049971,0.23141,0.032402,0.051383,0.023121,0.023044,0.023278,0.0062078,0.0041085,0.0040447,0.0024423,0.01409,0.0041084,0.013432,0.7286,1,0.54779,0.57591,0.37478,0.42706,0.305,0.28795
1,0.18604,0.053054,0.19997,0.10292,0.13043,0.096821,0.078242,0.096966,0.041811,0.032868,0.047766,0.033921,0.036373,0.047888,0.049177,0.63025,1,0.49137,0.59667,0.33081,0.44428,0.49664,0.25968
1,0.18586,0.047277,0.22623,0.075921,0.090909,0.075145,0.060557,0.074972,0.051305,0.04355,0.051233,0.033243,0.045256,0.051354,0.030238,0.7143,1,0.49477,0.64085,0.33489,0.4744,0.4913,0.26115
1,0.17888,0.047073,0.12274,0.056544,0.090909,0.048651,0.041801,0.048804,0.022549,0.017256,0.034284,0.017775,0.015009,0.034279,0.026673,0.60749,1,0.50026,0.58575,0.45722,0.55972,0.48623,0.38869
1,0.17707,0.044031,0.25541,0.051779,0.090909,0.04817,0.042337,0.048162,0.0081249,0.011504,0.0067411,0.0069199,0.01409,0.0068687,0.013973,0.69812,1,0.52669,0.59288,0.27425,0.38818,0.27203,0.20065
2,0.10588,0.021699,0.15907,0.13374,0.20949,0.10742,0.12165,0.1074,0.36316,0.29252,0.42912,0.34491,0.22452,0.4292,0.094407,0.35028,1,0.88954,0.67639,0.48159,0.7071,0.42342,0.4112
2,0.12875,0.051972,0.23072,0.10356,0.13043,0.084778,0.11951,0.084604,0.28976,0.24158,0.34168,0.27436,0.19887,0.34176,0.078429,0.37657,1,0.92599,0.52751,0.47575,0.71084,0.53761,0.38063
2,0.14593,0.063669,0.24379,0.089898,0.13043,0.072736,0.10236,0.072885,0.35832,0.28431,0.37173,0.32605,0.27958,0.37168,0.07044,0.42965,1,0.91309,0.53329,0.64836,0.66138,0.45474,0.44511
2,0.14459,0.057402,0.20262,0.1061,0.13043,0.09104,0.1179,0.091186,0.39483,0.32128,0.47015,0.3768,0.26151,0.47021,0.11538,0.33756,1,0.86049,0.5352,0.59846,0.67048,0.55567,0.47605
2,0.13917,0.049931,0.22237,0.096569,0.13043,0.081888,0.10611,0.082036,0.42806,0.35497,0.50366,0.40163,0.28578,0.50372,0.081612,0.36272,1,0.89685,0.50643,0.42133,0.67475,0.44308,0.34101
2,0.16194,0.060382,0.2553,0.067662,0.090909,0.054432,0.075027,0.054262,0.18915,0.14955,0.20397,0.16852,0.15706,0.20407,0.056084,0.42104,1,0.85921,0.48512,0.37943,0.51055,0.45478,0.29089
2,0.47758,0.34019,0.080987,0.12802,0.090909,0.078998,0.094855,0.078985,0.2117,0.16105,0.2423,0.18915,0.16119,0.24233,0.077028,0.41043,1,0.98129,0.44134,0.57281,0.88127,0.68531,0.48193
2,0.69711,0.30955,0.15157,0.1871,0.13043,0.17341,0.18006,0.17354,0.52684,0.39934,0.68586,0.46581,0.28678,0.68577,0.13283,0.2929,1,0.81611,0.3652,0.46189,0.63628,0.55243,0.38767
2,0.6411,0.23912,0.47908,0.066074,0.051383,0.054913,0.065916,0.054904,0.23489,0.1742,0.30817,0.20434,0.13868,0.30819,0.052933,0.41701,1,0.81595,0.34839,0.43025,0.68542,0.46363,0.3424
1,0.66643,0.26406,0.1195,0.064168,0.051383,0.058285,0.063773,0.058436,0.095216,0.078061,0.1275,0.082361,0.060265,0.12749,0.061909,0.4164,1,0.65222,0.23246,0.37359,0.46616,0.46595,0.29926
1,0.66486,0.28415,0.56821,0.027319,0.011858,0.015414,0.021972,0.015572,0.15592,0.1175,0.19646,0.13406,0.098553,0.19656,0.031321,0.4974,1,0.56211,0.22362,0.33128,0.48253,0.51306,0.23868
1,0.78606,0.33012,0.12759,0.05845,0.051383,0.048651,0.051447,0.048483,0.14442,0.11504,0.17797,0.1232,0.091125,0.17801,0.045453,0.48464,1,0.72397,0,0.45348,0.76307,0.6305,0.39004
2,0.47409,0.18292,0.49497,0.44473,0.32806,0.38295,0.45766,0.38289,0.65629,0.60477,0.64503,0.65889,0.61942,0.64495,0.23761,0.15923,1,0.71175,0.87339,0.84384,0.91957,0.8854,0.85535
2,0.55413,0.23406,0.55191,0.41233,0.28854,0.3762,0.3896,0.37598,0.46522,0.43796,0.46418,0.4791,0.43189,0.46418,0.19072,0.24084,1,0.51671,0.77563,0.66686,0.7867,0.76476,0.60384
2,0.58382,0.23302,0.57863,0.49269,0.32806,0.44701,0.50107,0.44678,0.56272,0.52342,0.58147,0.5441,0.46749,0.58146,0.25477,0.15675,1,0.69135,0.75599,0.82945,0.74082,0.8237,0.77483
2,0.66538,0.94633,0.64357,0.46347,0.28854,0.40992,0.46677,0.4097,0.56746,0.61463,0.58937,0.50136,0.43962,0.58942,0.24904,0.26611,1,0.39913,0.80248,0.55551,0.57631,0.66146,0.46731
2,0.57259,0.22416,0.4834,0.5413,0.36759,0.48507,0.56913,0.48499,0.44513,0.57436,0.4322,0.42659,0.42423,0.43215,0.34653,0.16614,1,0.58626,0.75077,0.62931,0.75185,0.68308,0.53218
2,0.60827,0.24961,0.5948,0.93361,0.60474,0.8343,1,0.83432,1,1,1,1,1,1,0.68905,0,1,0.86168,0.77304,1,1,0.73664,1
2,0.63913,0.26731,0.62756,0.80877,0.52569,0.72254,0.8612,0.72259,0.70568,0.76664,0.73748,0.67653,0.5819,0.73739,0.51564,0.040966,1,0.76436,0.71778,0.92663,0.78778,0.78326,0.84953
2,0.19221,0.076529,0.18869,0.16391,0.20949,0.15414,0.12862,0.15412,0.14424,0.12818,0.17045,0.11248,0.10238,0.17043,0.13095,0.53154,1,0.72402,0.38325,0.56044,0.54056,0.26256,0.2569
2,0.17911,0.053666,0.13447,0.16645,0.20949,0.15655,0.11147,0.15653,0.15775,0.12408,0.19819,0.1133,0.099472,0.19816,0.1447,0.54389,1,0.9219,0.33883,0.67366,0.38138,0.45723,0.42027
2,0.17195,0.051441,0.17374,0.15216,0.16996,0.13873,0.11147,0.13855,0.19472,0.15694,0.2319,0.16744,0.12888,0.23193,0.081676,0.56856,1,0.86735,0.30971,0.79214,0.45391,0.45211,0.33494
2,0.19797,0.082102,0.16879,0.17757,0.20949,0.16715,0.13237,0.16728,0.12224,0.11339,0.14445,0.097558,0.080557,0.1445,0.0995,0.58977,1,0.82857,0.197,0.4574,0.50484,0.56777,0.36454
2,0.17247,0.065445,0.20314,0.52255,0.56522,0.5053,0.33548,0.50522,0.36133,0.29006,0.41506,0.21588,0.16824,0.41507,0.34004,0.43217,1,0.8726,0.28887,0.8173,0.66845,0.68566,0.44896
2,0.22009,0.10641,0.18462,0.25635,0.28854,0.25289,0.194,0.25269,0.17327,0.14873,0.20127,0.13718,0.11012,0.20125,0.11978,0.53211,1,0.88303,0.21139,0.5234,0.6164,0.6535,0.42491
2,0.23051,0.074712,0.26883,0.13882,0.16996,0.12187,0.12111,0.12169,0.20823,0.20871,0.17431,0.14654,0.18271,0.17428,0.082694,0.45558,1,0.92953,0.40472,0.44594,0.5131,0.30237,0.35644
2,0.15082,0.045399,0.066473,0.13119,0.16996,0.11127,0.12004,0.11109,0.27889,0.26376,0.21649,0.19322,0.25997,0.21646,0.063914,0.48752,1,0.92531,0.47922,0.50244,0.56944,0.32377,0.41507
2,0.1571,0.068568,0.24367,0.14327,0.16996,0.1368,0.12701,0.13694,0.2117,0.19721,0.22901,0.15631,0.16939,0.22911,0.087373,0.44489,1,0.74952,0.43859,0.4849,0.49583,0.45358,0.40126
2,0.15262,0.050278,0.14764,0.15343,0.20949,0.14355,0.1329,0.14336,0.24685,0.23336,0.27138,0.18589,0.18164,0.27141,0.084095,0.42725,1,1,0.57886,0.44028,0.53234,0.43836,0.36448
2,0.13865,0.06026,0.18453,0.1115,0.16996,0.10742,0.10289,0.1074,0.073215,0.057518,0.098613,0.062822,0.049315,0.098729,0.043607,0.5193,1,0.70111,0.39365,0.4245,0.40212,0.19956,0.34764
2,0.081134,0.083041,0.1176,0.23475,0.32806,0.20472,0.19775,0.20485,0.1698,0.15366,0.21649,0.13338,0.10368,0.21646,0.12149,0.40665,1,0.96787,0.39951,0.91043,0.87902,0.50585,0.66833
1,0.86081,0.29091,0.21108,0.034625,0.011858,0.041426,0.03269,0.041419,0.13639,0.10846,0.18394,0.11615,0.069071,0.18404,0.017666,0.6355,0,0.49783,0.21493,0.20772,0.37368,0.36118,0.15556
1,0.86733,0.28897,0.94295,0.042884,0.011858,0.050578,0.035906,0.05057,0.026292,0.025472,0.046418,0.024016,0.012482,0.04654,0.014896,0.65992,0,0.29936,0.20888,0.1712,0.3828,0.19089,0.097477
1,1,0.33227,0.98923,0.05432,0.011858,0.065992,0.050375,0.066142,0.098229,0.09203,0.14079,0.089552,0.049621,0.14078,0.026896,0.51378,0,0.4303,0.21425,0.080835,0.34698,0.20397,0.064304
1,0.63592,0.23573,0.14576,0.20172,0.13043,0.20328,0.19078,0.20324,0.11165,0.085456,0.15871,0.095251,0.055134,0.15869,0.040488,0.44006,0,0.26984,0.60133,0.40286,0.35626,0.64914,0.32794
1,0.88468,0.29187,0.88837,0.11086,0.051383,0.11946,0.10236,0.1196,0.097133,0.10435,0.13887,0.084261,0.04786,0.13898,0.028647,0.51122,0,0.26896,0.2864,0.14379,0.15088,0.37506,0.11669
1,0.91198,0.34715,1,0.089898,0.051383,0.10164,0.077706,0.10162,0.086087,0.078882,0.12115,0.074763,0.041044,0.12126,0.031321,0.53186,0,0.62121,0.28899,0.11942,0.37103,0.2989,0.10704
1,0.14098,0.06373,0.23169,0.059403,0.090909,0.047206,0.052519,0.047359,0.036882,0.036154,0.040254,0.029308,0.032238,0.040313,0.011777,0.73133,0,0.3657,0.72674,0.29678,0.47863,0.34259,0.23992
1,0.13044,0.023373,0.19957,0.05972,0.090909,0.049133,0.057878,0.049125,0.048384,0.039441,0.057589,0.05156,0.043342,0.057581,0.011618,0.73596,0,0.26254,0.80427,0.33979,0.41893,0.20717,0.26844
1,0.14779,0.02917,0.18099,0.057497,0.090909,0.049615,0.059486,0.049767,0.047289,0.039441,0.056433,0.045455,0.032851,0.056554,0.013146,0.73584,0,0.28858,0.76658,0.36549,0.41844,0.19093,0.27989
1,0.16688,0.086389,0.19832,0.058767,0.090909,0.052023,0.067524,0.052015,0.064177,0.049302,0.082049,0.066757,0.045869,0.082103,0.016711,0.69105,0,0.30545,0.72587,0.35299,0.50207,0.20001,0.2456
1,0.15745,0.042786,0.24845,0.052097,0.090909,0.044316,0.057342,0.044309,0.050119,0.042728,0.06876,0.049254,0.031702,0.068815,0.010695,0.71381,0,0.34864,0.74491,0.36127,0.43147,0.24538,0.28899
1,0.16333,0.054891,0.25041,0.056544,0.090909,0.048651,0.064845,0.048643,0.070385,0.057518,0.080701,0.061194,0.046864,0.080819,0.01114,0.71942,0,0.2442,0.7528,0.35221,0.23184,0.25864,0.26902
1,0.36912,0.17974,0.37067,0.046379,0.051383,0.032274,0.037513,0.032429,0.047015,0.03862,0.052581,0.042877,0.03913,0.052638,0.016074,0.63846,1,0.32675,0.68396,0.26726,0.43143,0.45665,0.18259
1,0.35195,0.11474,0.42324,0.04479,0.051383,0.040462,0.050375,0.040456,0.0566,0.046836,0.07396,0.052374,0.04518,0.074079,0.013464,0.64907,1,0.34071,0.74989,0.29886,0.39662,0.36848,0.23978
1,0.34817,0.10988,0.4005,0.071156,0.090909,0.065511,0.074491,0.0655,0.04528,0.037798,0.052003,0.04152,0.041657,0.052061,0.015119,0.61944,1,0.33116,0.813,0.40749,0.52813,0.6325,0.30692
1,0.36156,0.12511,0.45634,0.072427,0.090909,0.066474,0.075563,0.066624,0.14579,0.1249,0.1668,0.13623,0.10943,0.1669,0.017379,0.59709,1,0.2236,0.73718,0.30801,0.39833,0.37408,0.20622
1,0.35003,0.12029,0.44057,0.072745,0.090909,0.064547,0.076635,0.064376,0.080062,0.064092,0.095339,0.07232,0.064323,0.095327,0.01827,0.58624,1,0.35473,0.77515,0.40877,0.47258,0.5587,0.31724
1,0.35795,0.12507,0.45663,0.053367,0.051383,0.05106,0.056806,0.050891,0.10873,0.092851,0.13482,0.10461,0.072517,0.13481,0.01687,0.59201,1,0.17035,0.72866,0.30515,0.23215,0.34953,0.23162
2,0.16822,0.04446,0.23711,0.079098,0.13043,0.05684,0.095391,0.056831,0.087183,0.070666,0.078775,0.088602,0.094188,0.078829,0.028329,0.5949,0,0.80953,0.37959,0.42414,0.41715,0.26865,0.35454
2,0.16601,0.23557,0.1959,0.11531,0.16996,0.092486,0.13612,0.092471,0.076776,0.064092,0.068374,0.077883,0.079409,0.068366,0.035459,0.5545,0,0.95028,0.32764,0.50011,0.45135,0.31011,0.4305
1,0.16275,0.15338,0.18139,0.046379,0.090909,0.031792,0.053591,0.031947,0.055687,0.041906,0.040832,0.056988,0.074431,0.040891,0.02139,0.64041,0,0.79787,0.31891,0.42893,0.28735,0.28266,0.3517
1,0.16432,1,0.11947,0.10419,0.13043,0.089595,0.09164,0.089581,0.064451,0.056697,0.0703,0.054545,0.059116,0.070356,0.042397,0.63062,0,0.72297,0.37198,0.27733,0.331,0.32857,0.15755
1,0.16304,0.97808,0.16564,0.031449,0.051383,0.02264,0.030011,0.022636,0.031587,0.026294,0.033898,0.029715,0.032545,0.033894,0.019575,0.6739,0,0.63444,0.35696,0.29036,0.24845,0.32421,0.19537
1,0.15268,0.034743,0.12189,0.050508,0.090909,0.037572,0.049303,0.037727,0.021088,0.017256,0.019646,0.020488,0.028792,0.019771,0.020307,0.66382,0,0.69702,0.33803,0.22687,0.32285,0.21829,0.15998
1,0.66037,0.32775,0.073416,0.16709,0.090909,0.1657,0.16292,0.16552,0.14789,0.13969,0.19241,0.13731,0.079562,0.19252,0.13929,0.44408,0,0.58778,0.43616,0.18631,0.34581,0.39726,0.14146
2,0.49982,0.26298,0.16572,0.09244,0.090909,0.093931,0.089496,0.094076,0.28601,0.26294,0.36229,0.2616,0.15514,0.36231,0.085909,0.45013,0,0.44769,0.33313,0.25789,0.2604,0.54905,0.18332
1,0.70549,0.30797,0.13824,0.12579,0.090909,0.12669,0.10718,0.12683,0.16405,0.14626,0.2213,0.14749,0.088828,0.22134,0.055543,0.4351,0,0.40856,0.43409,0.31996,0.27695,0.60545,0.25755
1,0.50273,0.28142,0.050727,0.37865,0.28854,0.26782,0.25295,0.26794,0.12361,0.14051,0.15659,0.10787,0.072594,0.15663,0.33899,0.38373,0,0.35233,0.32429,0.21295,0.34257,0.55897,0.18058
1,0.64285,0.6018,0.054279,0.1817,0.13043,0.14547,0.1597,0.14529,0.12251,0.12818,0.15601,0.1019,0.066544,0.15599,0.22784,0.42994,0,0.45417,0.2776,0.22065,0.45288,0.31821,0.16314
1,0.73326,0.32279,0.071948,0.12675,0.090909,0.10934,0.12058,0.10933,0.0849,0.086278,0.10998,0.08019,0.05008,0.11003,0.13792,0.5189,0,0.48119,0.35887,0.40515,0.4151,0.50367,0.21546
